kind	candidate	proposed	token_freq	left	left_freq	right	right_freq	count_now	count_if_accepted	decision
compound	nyílászáró	nyílás-záró	862	nyílás	1922	záró	9429	8	9	
compound	alvászavar	alvás-zavar	596	alvás	6445	zavar	11381	9	10	
compound	alvászavarok	alvás-zavarok	570	alvás	6445	zavarok	5754	11	12	
compound	vízsugár	víz-sugár	491	víz	76876	sugár	3150	7	8	
compound	évadzáró	évad-záró	389	évad	2854	záró	9429	7	8	
compound	kékeszöld	kékes-zöld	343	kékes	1879	zöld	46552	8	9	
compound	világoszöld	világos-zöld	341	világos	34008	zöld	46552	10	11	
compound	fúvószenekari	fúvós-zenekari	336	fúvós	708	zenekari	2923	12	13	
compound	rövidzárlat	rövid-zárlat	329	rövid	126564	zárlat	1447	10	11	
compound	nehézsúlyú	nehéz-súlyú	327	nehéz	116595	súlyú	4749	8	9	
compound	leszen	les-zen	306	les	1324	zen	1843	5	6	
compound	zöldzóna	zöld-zóna	262	zöld	46552	zóna	4143	7	8	
compound	gázsprayt	gáz-sprayt	260	gáz	14374	sprayt	290	8	9	
compound	rácsokat	rác-sokat	253	rác	705	sokat	109050	7	8	
compound	fúvószenekara	fúvós-zenekara	250	fúvós	708	zenekara	1418	12	13	
compound	mozsár	moz-sár	236	moz	1106	sár	1822	5	6	
compound	sárgászöld	sárgás-zöld	226	sárgás	1684	zöld	46552	9	10	
compound	honvédzászlóalj	honvéd-zászlóalj	193	honvéd	6367	zászlóalj	1399	13	14	
compound	szürkészöld	szürkés-zöld	193	szürkés	910	zöld	46552	9	10	
compound	alvászavarnak	alvás-zavarnak	178	alvás	6445	zavarnak	1193	12	13	
compound	amcsik	amc-sik	171	amc	868	sik	212	5	6	
compound	házsor	ház-sor	169	ház	73250	sor	119695	5	6	
compound	védzáradék	véd-záradék	163	véd	3483	záradék	1257	9	10	
compound	mozsárban	moz-sárban	158	moz	1106	sárban	1086	8	9	
compound	smaragdzöld	smaragd-zöld	155	smaragd	378	zöld	46552	10	11	
compound	bizsereg	biz-sereg	148	biz	2137	sereg	5019	7	8	
compound	estélyen	estél-yen	146	estél	232	yen	177	7	8	
compound	vízsugarat	víz-sugarat	141	víz	76876	sugarat	352	9	10	
compound	táncsport	tánc-sport	140	tánc	9408	sport	27744	8	9	
compound	termékenyen	terméken-yen	137	terméken	787	yen	177	10	11	
compound	próbaidőszak	próbaidős-zak	134	próbaidős	156	zak	263	11	12	
compound	magyaroszágon	magyaros-zágon	133	magyaros	2957	zágon	166	11	12	
compound	nagyin	nag-yin	128	nag	169	yin	175	5	6	
compound	beszédzavar	beszéd-zavar	124	beszéd	16707	zavar	11381	9	10	
compound	vényen	vén-yen	122	vén	7384	yen	177	5	6	
compound	vízsugaras	víz-sugaras	118	víz	76876	sugaras	463	9	10	
compound	szívritmuszavar	szívritmus-zavar	114	szívritmus	161	zavar	11381	13	14	
compound	rácsap	rác-sap	113	rác	705	sap	971	5	6	
compound	identitászavarban	identitás-zavarban	113	identitás	5890	zavarban	2035	16	17	
compound	fúvószenekarok	fúvós-zenekarok	113	fúvós	708	zenekarok	2648	13	14	
compound	házsorok	ház-sorok	111	ház	73250	sorok	9805	7	8	
compound	kiszombor	kis-zombor	107	kis	322087	zombor	257	8	9	
compound	pénzsóvár	pénz-sóvár	105	pénz	53997	sóvár	281	8	9	
compound	fúvószenei	fúvós-zenei	103	fúvós	708	zenei	31739	9	10	
compound	rácsokkal	rác-sokkal	102	rác	705	sokkal	147752	8	9	
compound	haragoszöld	haragos-zöld	102	haragos	1440	zöld	46552	10	11	
compound	idényen	idén-yen	101	idén	91495	yen	177	6	7	
compound	milosevicset	milosevic-set	99	milosevic	528	set	405	11	12	
compound	milliószám	milliós-zám	99	milliós	11729	zám	123	9	10	
compound	látászavar	látás-zavar	93	látás	4042	zavar	11381	9	10	
compound	rácsára	rác-sára	92	rác	705	sára	2045	6	7	
compound	magatartászavarok	magatartás-zavarok	92	magatartás	15137	zavarok	5754	16	17	
compound	rendzavarást	rend-zavarást	91	rend	30174	zavarást	166	11	12	
compound	rácsokon	rác-sokon	89	rác	705	sokon	136	7	8	
compound	motorszám	motors-zám	88	motors	371	zám	123	8	9	
compound	válaszokon	válas-zokon	88	válas	324	zokon	752	9	10	
compound	roszak	ros-zak	88	ros	123	zak	263	5	6	
compound	fordulószám	fordulós-zám	87	fordulós	1017	zám	123	10	11	
compound	evészavarok	evés-zavarok	87	evés	3180	zavarok	5754	10	11	
compound	identitászavar	identitás-zavar	86	identitás	5890	zavar	11381	13	14	
compound	mellényes	mellén-yes	85	mellén	987	yes	325	8	9	
compound	decsen	dec-sen	84	dec	143	sen	424	5	6	
compound	kiszombori	kis-zombori	83	kis	322087	zombori	569	9	10	
compound	vízsugarak	víz-sugarak	82	víz	76876	sugarak	1593	9	10	
compound	ritmuszavar	ritmus-zavar	79	ritmus	2648	zavar	11381	10	11	
compound	viszen	vis-zen	77	vis	1753	zen	1843	5	6	
compound	magatartászavaros	magatartás-zavaros	77	magatartás	15137	zavaros	5119	16	17	
compound	gázsütő	gáz-sütő	75	gáz	14374	sütő	3038	6	7	
compound	versenyes	versen-yes	73	versen	226	yes	325	8	9	
compound	kaszab	kas-zab	72	kas	160	zab	750	5	6	
compound	vonószenekar	vonós-zenekar	72	vonós	760	zenekar	16920	11	12	
compound	fúvószene	fúvós-zene	72	fúvós	708	zene	31670	8	9	
compound	szívritmuszavarok	szívritmus-zavarok	71	szívritmus	161	zavarok	5754	15	16	
compound	zöldzónában	zöld-zónában	71	zöld	46552	zónában	1471	10	11	
compound	elcsalt	elc-salt	70	elc	103	salt	213	6	7	
compound	táncstúdió	tánc-stúdió	69	tánc	9408	stúdió	9492	9	10	
compound	alvászavarban	alvás-zavarban	69	alvás	6445	zavarban	2035	12	13	
compound	rövidzárlatot	rövid-zárlatot	68	rövid	126564	zárlatot	368	12	13	
compound	necsak	nec-sak	67	nec	253	sak	119	5	6	
compound	ritmuszavarok	ritmus-zavarok	67	ritmus	2648	zavarok	5754	12	13	
compound	macsók	mac-sók	67	mac	860	sók	737	5	6	
compound	gázsik	gáz-sik	66	gáz	14374	sik	212	5	6	
compound	lucsok	luc-sok	66	luc	360	sok	432996	5	6	
compound	rövidzár	rövid-zár	65	rövid	126564	zár	5212	7	8	
compound	eszközsor	eszköz-sor	65	eszköz	32942	sor	119695	7	8	
compound	működészavar	működés-zavar	65	működés	13564	zavar	11381	11	12	
compound	alvászavart	alvás-zavart	65	alvás	6445	zavart	7422	10	11	
compound	vérzészavar	vérzés-zavar	65	vérzés	2591	zavar	11381	10	11	
compound	védzáradékot	véd-záradékot	64	véd	3483	záradékot	486	11	12	
compound	bagyin	bag-yin	64	bag	134	yin	175	5	6	
compound	nehézsorsú	nehéz-sorsú	63	nehéz	116595	sorsú	3026	9	10	
compound	fúvószenekart	fúvós-zenekart	63	fúvós	708	zenekart	2406	12	13	
compound	kacsok	kac-sok	60	kac	1000	sok	432996	5	6	
compound	zenészeit	zenés-zeit	59	zenés	5724	zeit	142	8	9	
compound	macsós	mac-sós	58	mac	860	sós	6336	5	6	
compound	vonószenekari	vonós-zenekari	58	vonós	760	zenekari	2923	12	13	
compound	gázspray	gáz-spray	58	gáz	14374	spray	631	7	8	
compound	szívritmuszavarokat	szívritmus-zavarokat	58	szívritmus	161	zavarokat	1856	17	18	
compound	kacsára	kac-sára	57	kac	1000	sára	2045	6	7	
compound	légzészavar	légzés-zavar	57	légzés	2570	zavar	11381	10	11	
compound	fúvószenekarral	fúvós-zenekarral	57	fúvós	708	zenekarral	1016	14	15	
compound	magatartászavar	magatartás-zavar	56	magatartás	15137	zavar	11381	14	15	
compound	alvászavarral	alvás-zavarral	56	alvás	6445	zavarral	759	12	13	
compound	fúvószenekarának	fúvós-zenekarának	55	fúvós	708	zenekarának	417	15	16	
compound	rosszab	ross-zab	54	ross	287	zab	750	6	7	
compound	pénzsegélyt	pénz-segélyt	54	pénz	53997	segélyt	3333	9	10	
compound	igényen	igén-yen	53	igén	142	yen	177	6	7	
compound	kilószám	kilós-zám	53	kilós	3189	zám	123	7	8	
compound	szélyes	szél-yes	53	szél	29712	yes	325	5	6	
compound	fúvószenét	fúvós-zenét	53	fúvós	708	zenét	13111	9	10	
compound	eroszak	eros-zak	52	eros	730	zak	263	6	7	
compound	macsói	mac-sói	52	mac	860	sói	142	5	6	
compound	koloszár	kolos-zár	52	kolos	1466	zár	5212	7	8	
compound	eszközsoron	eszköz-soron	51	eszköz	32942	soron	21515	9	10	
compound	leveszöldség	leves-zöldség	51	leves	2599	zöldség	3463	11	12	
compound	taszárt	tas-zárt	51	tas	301	zárt	49546	6	7	
compound	macsót	mac-sót	50	mac	860	sót	4799	5	6	
compound	elcsen	elc-sen	50	elc	103	sen	424	5	6	
compound	magatartászavarokkal	magatartás-zavarokkal	50	magatartás	15137	zavarokkal	1189	19	20	
compound	kószala	kós-zala	50	kós	1377	zala	10234	6	7	
rule-exception	kavicságy	kavicságy	55	kavics	1758	ágy	8687	8	7	
